Key,Reason
W49IHW3T,Non-human study
9MD2FBUB,Unsure
P89YLSCG,Unsure
YE3RFI7C,Unsure
4Q4UAVV6,Unsure
4NLHZEEH,Unsure
25VMWYZ7,Unsure
7L9E3ZG2,Unsure
3Y7KLH9D,Unsure
9B9I7QBC,Unsure
88MJM3KA,Unsure
QEPT6GA5,Unsure
PPSCBETR,Unsure
PNCI3UN4,Unsure
F6VNJ6GQ,Unsure
3K3SR4LH,Unsure
9EASLSSW,Unsure
XKPS2AC7,Unsure
S4BNC9J5,Unsure
JWEETBYU,Unsure
PNBU4WL7,Unsure
EM6VB6LZ,Unsure
B6DEQDTJ,Unsure
AG8N2Z3Y,Unsure
DAZTIC6I,Unsure
BY9QWTMI,Unsure
6HT344P9,Unsure
GREQZW86,Unsure
SPI3GLE5,Unsure
BGXGIRRI,Review/Systematic review/Meta-analysis
LYQB7ZL7,Unsure
KLHDT65S,Non-human study
AVGW4Y2Z,Unsure
WMRCLPU9,Unsure
7MNTCNM8,Unsure
A9R3THGS,Unsure
9JRKB5V6,Unsure
D9KGIS2F,Unsure
XDTN3A2C,Unsure
TH53VGJC,Unsure
8WKNFLZZ,Unsure
J6KYN5ZD,Case report/series
TBWWA8D2,Non-human study
YCXV2DIB,Unsure
M7JQQZ5P,Unsure
A5254FPA,Unsure
WMRHVW4T,Unsure
XIKTL3KY,Unsure
XBAZYVAW,Unsure
3GSSSBGK,Unsure
5ERDKGTY,Unsure
9X8X372R,Unsure
P85DQ3DK,Unsure
JPX5EY76,Unsure
EJR94YI7,Unsure
W5IJ2UEL,Unsure
4HT3EFX3,Unsure
4U99UBY5,Unsure
ZR9QRA95,Unsure
8XKGLU64,Unsure
6HZHIFVM,Non-human study
5P8U9IUA,Unsure
BJFGGGIN,Unsure
57CDVP6P,Unsure
PDTJJ9PV,Unsure
IQ2ZMJRI,Unsure
JCNJLCZE,Unsure
UNAIC3N3,Unsure
QMRUYB67,Unsure
UHKQ4PK6,Unsure
8NI3FDSQ,Unsure
8PJFQNED,Unsure
WZI2ISH9,Unsure
VV6BV3SM,Unsure
FNY35IQ4,Unsure
C3RIM3YY,Unsure
B482G5XA,Unsure
5WU4VKQK,Unsure
JPPP8JCD,Unsure
YKYEFQKH,Unsure
47HV2TTQ,Unsure
DR93BKRR,Unsure
JL89LGPB,Unsure
SYU5Y9VB,Unsure
32WCT4ZZ,Unsure
HDNN9234,Unsure
35H4DTAF,Unsure
CA2ZTNZZ,Unsure
R3878ZBT,Review/Systematic review/Meta-analysis
SEB4US2G,Unsure
7TENM3ZW,Unsure
Y7MYRK3E,Unsure
H92SQ4ZB,Unsure
T324QTME,Unsure
V2Y6TY57,Unsure
XDS5XZQ6,Unsure
Q2JWH8JZ,Unsure
QWMVN7KW,Unsure
CSYXFAV9,Unsure
7B32PUFL,Unsure
3Y3VKNMR,Unsure
UQ2RHSET,Unsure
UB2LLRCZ,Unsure
A89PE9VM,Unsure
WMG5VZXW,Review/Systematic review/Meta-analysis
3HWAD984,Review/Systematic review/Meta-analysis
FHASIUXD,Unsure
3DDG4389,Review/Systematic review/Meta-analysis
YIQG66EY,Unsure
K42ZJZYC,Unsure
QIR3GEWL,Unsure
KLEKTRNM,Unsure
TTVXDEG4,Unsure
Y6LRMZS6,Unsure
WATP5QLU,Unsure
75QTR56S,Unsure
3ELLMW4Y,Unsure
9B9R5XVM,Unsure
AVM42F7C,Unsure
ER8XACG7,Unsure
7CUR6Z4G,Unsure
NJ38H9BR,Unsure
L44K2GKD,Unsure
W7VSUW3X,Unsure
RX24ALTY,Unsure
MNFJY7G5,Unsure
HB4SVZG2,Unsure
5LFL6G48,Review/Systematic review/Meta-analysis
SM2W45R6,Unsure
74DRNLLB,Unsure
AJ6PHQAE,Unsure
E45M8G4H,Unsure
MLQ7YCB3,Unsure
XNIFPIFN,Unsure
UEKPNTJU,Unsure
RP6GZT3C,Unsure
T6BMMXYG,Unsure
SX7J7UHV,Unsure
LSCXX8PC,Unsure
82BY5K9X,Case report/series
6H54KGIR,Review/Systematic review/Meta-analysis
NK9TPY9R,Unsure
2KRCJCHN,Unsure
MVN9J5TG,Unsure
HJEY6P52,Unsure
45E26TSY,Unsure
7HKBLU2B,Unsure
7NHEXKT8,Unsure
BWIRGBFJ,Unsure
GMMFUF47,Unsure
X6BWQQP7,Case report/series
9HSU7MRQ,Unsure
YPPQBIXU,Unsure
6GR5SQMD,Unsure
BFD2Z4SD,Unsure
5NX2JL2K,Unsure
WIDHKDZY,Unsure
K7XVEWJ6,Unsure
FFQLXM7Z,Unsure
26WGYFFK,Unsure
6CJCQL47,Unsure
7NWPM7ZF,Unsure
W3ZT7TFE,Case report/series
UEAUTG47,Unsure
XWLHWABI,Unsure
PKCFX25X,Case report/series
I7XLRZD4,Case report/series
8M6SZR38,Unsure
ZTWPQZZ7,Unsure
64VQY39H,Unsure
VQDBVEYB,Unsure
M35WKTVL,Unsure
34QTGJNQ,Unsure
ACRYIQAS,Unsure
PR4JS585,Unsure
L7HAPRX5,Unsure
R5S7DI6Q,Unsure
ADPMDVJU,Unsure
AYGF47Q7,Unsure
R699ZHEL,Unsure
U9CAFALJ,Unsure
NMNY7YTA,Unsure
I84SNIM5,Unsure
5JZJET6N,Unsure
UG4FGTX9,Unsure
A3493LFQ,Unsure
JCM7RB2L,Unsure
ZKAYRXKR,Unsure
55HNWD9E,Case report/series
CIX8XB44,Unsure
F5HFKENT,Case report/series
38J9G242,Case report/series
8CMPHTXF,Unsure
3LQEXRD9,Unsure
S9ICYMWJ,Unsure
NJKZSKQY,Unsure
Q69VYKWF,Unsure
UHXTA4T8,Unsure
JHCTUM6Z,Unsure
6ZU9KMK5,Unsure
SES95G5J,Unsure
56GV3MS9,Unsure
RXNN44L7,Unsure
MZXHQ35A,Unsure
AB84FAVS,Unsure
EAVKXZRI,Unsure
ZW9GHDG3,Unsure
UISL6WSH,Unsure
2UVHQQM3,Unsure
SYYT244N,Unsure
JVV9ATVU,Unsure
YYP6S528,Unsure
2JMM6V5J,Unsure
XT3EAK4V,Unsure
J8S3A76P,Unsure
K29JEI7W,Unsure
4C6BJRGW,Unsure
TZFDUVG5,Unsure
FWMT9TTF,Unsure
BPJHIJRD,Unsure
H5A4CX9N,Unsure
KKA3RMXZ,Unsure
YU9EQ7K9,Unsure
TQ52LJRH,Unsure
A8GYGDVX,Unsure
MQEI5BQK,Unsure
3K9SYWHU,Unsure
RWZBXIIS,Unsure
NQD8UB2Y,Unsure
W97NLP2E,Review/Systematic review/Meta-analysis
GKQ2HEXP,Non-human study
C9LM2E8P,Unsure
V8JG637I,Unsure
6SU7TS55,Non-human study
FJ9TNSIS,Non-human study
NHQN7FZG,Non-human study
8I26RQ2E,Non-human study
QJD8EAMY,Unsure
KQUWN2WL,Unsure
322UMP8S,Unsure
7EBLYT9Q,Unsure
T8TUXYIY,Unsure
JJ2A9HB5,Unsure
AEZ7PPVM,Unsure
QFFSG4ZP,Unsure
NC2Z3WSD,Unsure
UGA9XCAB,Unsure
NIAUNCAQ,Unsure
IDRSNUHU,Unsure
5IAT536P,Unsure
UIQWEAMS,Unsure
MYJZBVSM,Unsure
XMGLT3R7,Unsure
84TG3JIH,Unsure
AU5W6TC7,Unsure
27987ZXD,Unsure
HM8STD7I,Unsure
YE29UNGL,Unsure
9WP2T3LZ,Unsure
YQN9A6TK,Unsure
MVLUPHFC,Unsure
RBJQWQ9Q,Unsure
QXHSBQP4,Unsure
67P65QZF,Review/Systematic review/Meta-analysis
LPPWI6U8,Unsure
IJFURU7B,Unsure
3JBZBV53,Unsure
4LAHCH4M,Unsure
3XMZWF5Y,Unsure
EGG5892U,Unsure
4KITXJ33,Unsure
9DF878CP,Unsure
LZRHJU7R,Unsure
ZPPKLVQH,Unsure
FGX67AR7,Unsure
VHSY7MD2,Unsure
MJ2QNXSP,Unsure
FZC2CU3J,Unsure
Q8PJ2QA9,Unsure
7ECG2K3H,Unsure
F974WDPW,Review/Systematic review/Meta-analysis
FICTM2Z4,Unsure
M4DEI3CL,Unsure
P5NCBAQ3,Unsure
S7JXX5BY,Unsure
TKVAGN4C,Unsure
GP759AAQ,Unsure
FS47KVFR,Unsure
6CF3QPLD,Unsure
NGWPCLEH,Review/Systematic review/Meta-analysis
W5U7Q9E9,Unsure
LS75PCBZ,Unsure
5BP9GMQ3,Unsure
P9AAFNY9,Unsure
IH4SES4J,Unsure
SEZ6KS7K,Unsure
HKCVLCTU,Unsure
HHHU2DQ7,Unsure
H6BZ6NAQ,Unsure
APUH3E4P,Unsure
WFGLRGDW,Unsure
W394IBWB,Unsure
QWGGC869,Unsure
VZ2TPDB3,Unsure
QFP2SG5Q,Unsure
MTHCXCEG,Unsure
WSCGBVFR,Unsure
UTXDSYQT,Unsure
B7D22JS8,Unsure
7WVX77IU,Unsure
PCNJFXLL,Unsure
MYHTSMG4,Unsure
F6J9LGKG,Unsure
NYFD5EFP,Unsure
XZYU5ZIX,Unsure
JGTMB24C,Unsure
BDZHJJEA,Unsure
4QAS6TZQ,Case report/series
UMENA76K,Unsure
QLV3RGBD,Unsure
5DFRWJZR,Unsure
N84MR3BM,Unsure
AAI5F4LG,Unsure
STIFE9U3,Unsure
UHN6J8P8,Unsure
F6F4XZJD,Unsure
539AUUPB,Unsure
TMUGKS5E,Unsure
T5QUM4J9,Unsure
7YNRM84B,Unsure
FLAT5B2W,Unsure
9VG23JZA,Unsure
CXPLH2RL,Unsure
AFNJRKN9,Unsure
FN8DLNYP,Unsure
DBIHIJ7V,Unsure
DIGSSHSS,Unsure
9KISEKJU,Unsure
SHMY3S82,Unsure
DIT3SGRA,Unsure
LS62E45E,Unsure
S3PTQZKA,Unsure
93SKVA8J,Unsure
7HHHF65T,Unsure
IHP3QTJS,Unsure
HGS5LL2L,Unsure
AKAT8FIE,Unsure
MWKZ89T6,Unsure
Y6TNHR5G,Unsure
TEVJZJFZ,Unsure
HDK892XT,Non-human study
37NDWAQF,Unsure
XUEMFE94,Unsure
TTUNCDS2,Unsure
WQL8D228,Unsure
74VD3KVR,Unsure
CRWZFYT7,Unsure
RKZ92LHA,Unsure
ZXI8K3UE,Unsure
D57GIVXZ,Unsure
RGGBRY2H,Unsure
3EK98JZK,Unsure
Q5TRCTQI,Unsure
DXJU9FNF,Unsure
3FBJYJ5E,Unsure
Z5KKVQEU,Unsure
9B9D6IJM,Unsure
SNY89GN9,Review/Systematic review/Meta-analysis
IMCJRWQK,Unsure
WVTZT63X,Unsure
QMY8NHIB,Unsure
97TSYXET,Unsure
G2946QRU,Unsure
4M8QTDPN,Non-human study
JXZP5UR2,Unsure
GS8GKYVD,Unsure
2BKG7PVD,Unsure
EPRUZQ3J,Unsure
X526TKFT,Review/Systematic review/Meta-analysis
Q32GR9AT,Unsure
U7CFH3GZ,Unsure
I3TCPALC,Unsure
54PUPPJY,Unsure
FJGPW8AD,Unsure
MCBJ5SSK,Unsure
PC4JZER3,Unsure
UPD3CHZC,Unsure
8NDKR3ML,Unsure
TGEEIFIC,Unsure
E3DKU78J,Unsure
4DPZNDU2,Unsure
WT27RQ8W,Unsure
J5SPW8DY,Unsure
BR67TP8S,Unsure
QELM6DVX,Unsure
37YY8GXQ,Unsure
MYD9RXBI,Unsure
E96T7WNT,Unsure
ADUG4EZG,Unsure
R2QXE8BU,Unsure
S6AST67I,Unsure
42EVUGKY,Unsure
MQIR4IIH,Review/Systematic review/Meta-analysis
QRYL7VZU,Unsure
3B5CVC9A,Unsure
9D5YP4VR,Non-human study
36GVYUCV,Unsure
XGCQ2XS7,Unsure
EMFFHSXE,Unsure
IH2QVXWH,Unsure
VHLXC7FD,Non-human study
YMHED755,Unsure
IZIMCC4H,Case report/series
A8PFK54Y,Unsure
9UTCH3IB,Unsure
ZDF6UUT5,Unsure
DVRRQLMQ,Non-human study
QQ87BPC8,Case report/series
DEBU85BB,Unsure
7HWC7RZ8,Unsure
YI8W8P92,Unsure
WYK5GUH7,Unsure
EYWS7XTZ,Unsure
KVL8UJV9,Unsure
VCD6HCJI,Unsure
MWQK3VQL,Review/Systematic review/Meta-analysis
CZX4D5QR,Unsure
BLTTPCUT,Unsure
36N5ZAIV,Case report/series
6M5PLBAT,Unsure
UVWE5BYM,Review/Systematic review/Meta-analysis
J5BV3W8T,Unsure
NDRVDYS8,Unsure
4ZM6RH2T,Unsure
H8JLL8R8,Case report/series
62XKTJQ5,Unsure
FYLE3KXL,Unsure
5GEP5ADZ,Unsure
VJCCVAXD,Unsure
MRVX8RKL,Case report/series
RW2ZYH2R,Unsure
GNDZBR74,Unsure
E9QDVSVC,Unsure
YHFYTIIG,Unsure
ZQSZBZEV,Unsure
GQNPZ5II,Review/Systematic review/Meta-analysis
YKMUVGRC,Unsure
3XXLIEUQ,Unsure
AX5RR2UW,Unsure
KW3C989P,Unsure
LY8EPTGR,Unsure
F64X5XBE,Unsure
D759RBPI,Unsure
NYN8MTTJ,Case report/series
VJ8KZCQE,Unsure
DD9SNHV3,Unsure
KNGW2XJT,Unsure
6YZFIECY,Unsure
N4JLDZBG,Unsure
ATCGBH38,Unsure
3EYQUEL3,Case report/series
XL2ABPNR,Unsure
GC9LMXIA,Unsure
9PWUFQR3,Unsure
WDH6RN8E,Unsure
UHZ4DSGF,Unsure
8AEW9ECZ,Unsure
2PJGLT5A,Unsure
28ZVCYPL,Unsure
ZEKTFIVA,Unsure
9SUIHF48,Unsure
ISQTDFBW,Unsure
7MTJUAAA,Unsure
KYHT7TWU,Review/Systematic review/Meta-analysis
27UKN33I,Unsure
9DXZYM4I,Unsure
QTM49NGE,Unsure
A7GF4U9I,Case report/series
MRMDD4JK,Unsure
CLELRKYD,Case report/series
BP8R6H3E,Unsure
DJGLNT7D,Unsure
54DVE3XV,Unsure
UUEGALL8,Unsure
2QIP7T49,Unsure
TS24GCVW,Unsure
U5G597DD,Case report/series
QNXPJR97,Unsure
KG8FN4ZQ,Unsure
SJ6MAB8R,Unsure
F7QNDBCN,Unsure
ESCMURTN,Unsure
3BAKPBRR,Unsure
RAITYY6X,Unsure
DHW7PADC,Unsure
HWIY2NIH,Unsure
66MCCXT7,Unsure
DH8US98F,Unsure
8QIM3SP3,Unsure
2IZK7LU6,Unsure
6U7RX3R4,Unsure
2GNJYQVN,Unsure
46FPY9EV,Unsure
SD2QQDYG,Unsure
5YKE8V53,Unsure
G8M9LXZ7,Unsure
QC496X6W,Unsure
ALINQT6G,Unsure
BL4LVMFE,Review/Systematic review/Meta-analysis
TF3AFLRV,Unsure
PU4TXIQ7,Unsure
3WA8ISIW,Non-human study
PS3DIAPU,Unsure
PN368R86,Unsure
FC2WUH8B,Case report/series
BZAY8IWX,Case report/series
XZGSAWIA,Unsure
CXFX3N5U,Review/Systematic review/Meta-analysis
BLXZ4PAE,Unsure
4JMWFMLH,Unsure
CURAVL96,Unsure
8QZ5KTLX,Case report/series
ZDF2CC8U,Unsure
MB8EJLEM,Unsure
ACC3RJEP,Unsure
IFRGQ9UV,Unsure
QN3RWUC3,Unsure
FMD9HQXK,Unsure
PG8NYFIG,Case report/series
P8NPUMCM,Unsure
BZNK8CE7,Unsure
7QUIU2P3,Unsure
39PV7YSV,Unsure
S8HSMBVK,Unsure
KRPS2HME,Unsure
EI46N6HB,Unsure
U8TA6YTU,Unsure
QMIDF3KD,Unsure
FCVN8BRE,Unsure
IMSPKRWT,Unsure
8JB48MRD,Unsure
9W7L7MFX,Unsure
UGW7APLL,Unsure
X5RVF3EF,Unsure
4HU3FXMR,Unsure
QZG4S75J,Unsure
EB9JB3IC,Unsure
BM7CK5D4,Unsure
AMHL8WZP,Unsure
2YG9RG8C,Case report/series
AYPWFZLL,Unsure
YX3CJZB2,Unsure
SH3KFNR2,Unsure
4KISXXV6,Unsure
6FFJHSRT,Unsure
G3XGK9Y2,Unsure
6V68YQSY,Unsure
HKYRLDLV,Unsure
79UMASMM,Unsure
NFTIC3JE,Unsure
UBA47QA2,Review/Systematic review/Meta-analysis
EFUUHTL7,Unsure
Q3AZ3FPS,Unsure
GXBDVYQ2,Unsure
I7SLXS5X,Unsure
RARNTVNF,Unsure
3SBB963Y,Unsure
ERW3TWQV,Unsure
UUB2XA6T,Unsure
4RQNRPXV,Unsure
MTZPJN3P,Unsure
69ZD7T7W,Unsure
68XIRS6S,Unsure
LVLDM7QU,Unsure
7CB9EJ52,Unsure
SQPIFVJF,Unsure
XVFZ2DGU,Unsure
GYUPJUCB,Unsure
BBRK6QL9,Unsure
78L5Q6FY,Unsure
3V8924QG,Unsure
TK4ISEUN,Unsure
2CNCSYLC,Unsure
MFLVM5QX,Unsure
SVBZ9TSR,Unsure
UBQGJ79U,Unsure
QUSLM6G4,Unsure
8V4KG5Z2,Unsure
JU2RAVQG,Unsure
BC8SPGNW,Unsure
73G7R2SM,Unsure
JHV5LHA7,Unsure
UQKBWRTF,Unsure
ZZ7Q25PD,Unsure
K93FAA8I,Unsure
DU2MJJJU,Unsure
2BA2UGWZ,Case report/series
QYREBCP3,Unsure
DFSBCEVP,Case report/series
WCMH2AB9,Unsure
IMWIL4XT,Unsure
DG637VH4,Unsure
Z927H4QI,Unsure
77JSD8GJ,Unsure
W8MKA8SL,Unsure
DM7UUWXM,Unsure
X67I3JTM,Unsure
MD34Y82A,Unsure
VUNZHRCH,Unsure
JKSVFKZN,Unsure
PPKTJCTF,Unsure
YM4LE8ZD,Unsure
R85IXSNM,Unsure
ZYTK8LRV,Unsure
QDCAX5YZ,Unsure
MEPIVXNN,Unsure
7NCC7DPV,Case report/series
M2HPV648,Unsure
C3PMNRAI,Case report/series
QNEU5LL5,Unsure
DYTJ5Z4W,Unsure
9PMHZKVZ,Unsure
PLWSKD34,Unsure
IQIC24FD,Unsure
FJJKFTTZ,Unsure
5XVXLDEW,Unsure
AR7QV963,Review/Systematic review/Meta-analysis
6YK25LUF,Case report/series
IDNNXA4P,Unsure
MUVESGVC,Unsure
2TELZV68,Unsure
BP5JLXDW,Unsure
GYGU6HKS,Unsure
WWWV3SMX,Unsure
LKJGB952,Unsure
6SQHYVVZ,Unsure
J78NSU6Z,Case report/series
8JQBHX2Z,Case report/series
7JKLSRBS,Unsure
29T4L6V6,Unsure
U9W53EIQ,Unsure
8E3BNWEL,Unsure
GBCJBCY9,Unsure
IMJECEX2,Unsure
2IJ8UQC2,Unsure
2FWIG96E,Unsure
24C7YRSE,Unsure
LFZWNWE8,Unsure
T2NC7RLM,Unsure
BHIT3XZT,Unsure
ZYAG868F,Unsure
G5UCL2RK,Unsure
NR552EJG,Unsure
6LIU2FKX,Unsure
HVMDEQJ9,Unsure
BMF9AI2D,Unsure
G88CW4WQ,Unsure
VXM54DFK,Unsure
CI9PA4SB,Unsure
GKYSBU8G,Unsure
B7H29M66,Unsure
XLGIYFK8,Unsure
Y7NUZZPG,Unsure
BHQK4QV4,Unsure
RDQ2N3GZ,Unsure
4NHLSGG3,Unsure
7Y6TWESK,Unsure
EQPRMQLK,Unsure
8RBFDLRQ,Unsure
X3SA2ZY7,Unsure
8TIH69I2,Case report/series
SR27P853,Unsure
XKQJUZ9F,Unsure
VKHQSCGE,Unsure
7DGTRF7E,Unsure
WTXZKY8Z,Unsure
JBLX4YF6,Unsure
G9IPY3N7,Unsure
S5PZ8Y26,Case report/series
DGGTK6VC,Unsure
JBGQGFBC,Case report/series
SB5PGG37,Unsure
5FD7W78S,Unsure
YQYCSIET,Case report/series
2LUISTQQ,Unsure
WSCWV2AH,Unsure
IAG6LESJ,Unsure
XK2MNUBM,Unsure
KEQHXCJN,Unsure
KIQ3PUGQ,Unsure
G84NFVKJ,Unsure
TA6YB5EL,Unsure
DYFL8269,Unsure
6D3496N6,Unsure
SIYTSPW2,Unsure
MR7MR2NR,Unsure
TQIML9KY,Unsure
UXUJSYBB,Unsure
F74I3CV6,Unsure
P6DTFUCD,Unsure
PRQC4MV3,Case report/series
KNP6WXNL,Unsure
PUTM36U5,Unsure
XR2EHYD5,Unsure
D8G6HCA7,Unsure
IPMHMKXE,Unsure
VNKIASGP,Unsure
HEGCYVLP,Unsure
MNRJY7HS,Unsure
W3X4GF3V,Unsure
2RNPSWK7,Unsure
GN4N4AEC,Unsure
AZJFBSG2,Case report/series
ETFW4ERU,Unsure
6CZLJZ3J,Review/Systematic review/Meta-analysis
M3KEFH6G,Unsure
UYAAXXKV,Unsure
GEMSN8QT,Unsure
M2U3B35C,Unsure
Z6J8ARWD,Unsure
9BCKAP43,Non-human study
4578VZF5,Unsure
QXN9XKXB,Unsure
TCCQS4SA,Unsure
TXSKFLSX,Unsure
3VCKVDVC,Case report/series
GG4W6JEK,Unsure
N7QTY5SD,Unsure
NKRL8SJU,Unsure
5P6A7PQY,Unsure
SYES4QJZ,Unsure
BDKEA96X,Unsure
L2R5P37N,Unsure
V4EE9IN9,Case report/series
5MXU5W28,Unsure
X54HKLUN,Non-human study
TJ9ZPPPJ,Unsure
BX64CAV5,Unsure
93UIL469,Unsure
45AXWWXI,Unsure
FLBUJDMR,Unsure
N7TX4B24,Unsure
IHM3XTHI,Unsure
KCDS7KF7,Unsure
IL8VDYP3,Unsure
9PU5AZC7,Unsure
V9MQZVDU,Unsure
38JAWIM4,Unsure
FBVIQ7JA,Unsure
W4SU9425,Case report/series
MKIRWV32,Case report/series
EH2BNPEC,Unsure
46YLBS6Y,Case report/series
JRYWPV6C,Case report/series
HLNP8C9H,Unsure
XF3YP6R4,Unsure
G952QALV,Unsure
Z3FL5PXK,Unsure
XSYXKK8K,Unsure
Y8DZQ4UE,Unsure
TZSSUDQD,Unsure
VZIU5VBQ,Unsure
9RLIQAWN,Unsure
TZI4F8ZK,Unsure
T55TVL67,Unsure
CADMRFHR,Unsure
I2WC86JS,Unsure
FJVXBL4F,Unsure
BSBKGLRT,Unsure
WJJDKUJJ,Case report/series
8YY49DSC,Unsure
XZ6NTNDX,Unsure
88YYQZVC,Unsure
HEPA46NB,Unsure
I5HK4ZVF,Unsure
44XAPDTK,Case report/series
DG2MCJ44,Unsure
2B9TT2BU,Unsure
D5EECA9Y,Unsure
GDMJ9FT4,Unsure
X3N848MA,Unsure
UFSHWSD7,Unsure
RP74Q73F,Unsure
4KKH3Z96,Case report/series
MDQVA29G,Unsure
H5EX47T7,Unsure
XHKA5YP6,Unsure
7QF6F2N9,Unsure
ECHZCB9V,Unsure
AC5TNFY3,Unsure
7H4J85CW,Unsure
6ZRZP3FZ,Unsure
RMDYKXL5,Unsure
7VFHQDYJ,Unsure
W4QUKJ4P,Unsure
ZXMARQFE,Unsure
NLHL959S,Unsure
74SDT7HK,Unsure
PCCY6TUF,Unsure
5PQLCBYW,Unsure
53I4LQQB,Unsure
3MUAAGX7,Review/Systematic review/Meta-analysis
TY88FDKN,Non-human study
BH2NGFHG,Unsure
VU78VD5U,Unsure
7QRUEGDU,Unsure
KXY6XQGB,Unsure
HTVEZXEJ,Unsure
D775KDPK,Unsure
65VRHLI4,Unsure
DRKZHWYH,Unsure
8NI33QI9,Unsure
GIN5ENDA,Unsure
3DYZIESL,Unsure
6HKRHF57,Unsure
VZJZN3RN,Unsure
E3KZWE7R,Review/Systematic review/Meta-analysis
VA23H829,Case report/series
IMQ9ZHUI,Unsure
HF9RLGVD,Unsure
6GAMDD32,Unsure
5FFGEXYM,Unsure
YK4UMCCS,Unsure
BIYW7QDP,Unsure
HGL5XF7Y,Case report/series
J7TYTUJQ,Unsure
38X3B7GB,Case report/series
JWJG8HNB,Unsure
K6NF522M,Unsure
6BPG6C8N,Unsure
V4VCGAL5,Unsure
53YG3TYL,Unsure
2K8SYVD2,Case report/series
3N8GDHEQ,Unsure
6LX7ZBHY,Unsure
F3UQ9H68,Unsure
NDCIB2ZW,Unsure
ZI9SYWD6,Unsure
2UFCRX66,Unsure
24868G3X,Unsure
YPZRZELB,Unsure
LZU4XA69,Unsure
MQKJNSMM,Unsure
ZQ9KW3WR,Unsure
EUZ8PDSF,Unsure
9JHJETFF,Case report/series
L9U5XPKV,Unsure
8Y4SJBFB,Unsure
2RJB8AJ5,Unsure
7Z9JCEL7,Unsure
CVB3QH95,Unsure
LV43Z7WZ,Non-human study
C6XYL43E,Unsure
NQ86STH2,Unsure
UPVAF9TS,Unsure
HNB22P2H,Unsure
T4A6W44P,Unsure
EHLTXF2K,Unsure
KJGLQEUV,Unsure
FNXTM924,Unsure
MKDSJZXD,Unsure
ZDCSUBAR,Unsure
GSJ7T9DN,Unsure
Q4JJLCFC,Case report/series
ZYSP9J68,Unsure
M2UTLNAA,Case report/series
GXQAYLY3,Unsure
CYD35NIW,Unsure
9CHUHE4U,Unsure
S8GIKHYH,Unsure
XELQIEEE,Unsure
J4EBN5L5,Unsure
7SQB73PI,Unsure
VGU7DIL6,Unsure
5L4GPB9T,Case report/series
28HL8592,Unsure
UX97USJL,Unsure
VYJEDNNK,Unsure
6BSESQ4C,Unsure
LB4N2KEY,Unsure
45AJP2M2,Unsure
FQTDUMNM,Unsure
WYZEH8Q9,Unsure
IBD268ZN,Unsure
GSPWEPVU,Unsure
XNW7LAJ7,Unsure
MAES834B,Unsure
64AAK3S3,Unsure
SUQDZL5F,Unsure
WP6ARKKZ,Unsure
99M7KRVQ,Unsure
6WG65L5M,Unsure
Q833LTCM,Unsure
9Y9TP95M,Case report/series
VGRGID4X,Case report/series
Y4M56FNZ,Unsure
2YDUAQIV,Unsure
UQFLC24F,Unsure
BHHTD7WJ,Unsure
7MR7CWR2,Unsure
9NWFZSY4,Unsure
JCRUTRIH,Unsure
R5UH54ZC,Unsure
52BGT44S,Unsure
WKFCG5FL,Unsure
CZIT2JZC,Unsure
3A8XZP3F,Unsure
FZPKA8ZK,Unsure
PYJUFYZP,Unsure
XTS43N2Z,Unsure
F2DLRBES,Unsure
UTKTRUIK,Unsure
AKYWKS9X,Case report/series
G7YYWZUM,Unsure
5PIV5B5J,Unsure
VWFPR25A,Unsure
IGNCASG6,Unsure
87S9E6NV,Unsure
ZWAJLG9T,Unsure
GLBZBU2Q,Unsure
LPP9QMDT,Unsure
LAQWVBJC,Unsure
KX7YBC5V,Unsure
PGP8GJ53,Unsure
9G4U76TX,Unsure
B3KGYP4V,Unsure
IFLJYPJN,Unsure
XHF5HIGN,Unsure
4TJZRY7Z,Unsure
FDJW9UYY,Unsure
NV63QUEJ,Unsure
XCBA8WX4,Unsure
RQ3GXNXK,Unsure
4VRLRJVL,Unsure
ERULYJ2H,Unsure
H5M2X7IC,Unsure
M2PM947A,Unsure
R8DGPEHY,Unsure
H2U5MXTU,Unsure
V4M8H4YK,Unsure
H9PQ5I4Q,Unsure
238ILI8E,Unsure
4PKRGE7D,Unsure
R7KW97WY,Unsure
9DFXISR2,Unsure
RSP77BVT,Unsure
AR9385VQ,Unsure
H7DNFJ8P,Unsure
ARK9RRUS,Unsure
NQ3QHQ25,Unsure
I2S396I4,Unsure
G3MVCU3Y,Unsure
XLJWDWZB,Unsure
MGY62JIP,Unsure
QF89FNFI,Unsure
5PA2BETY,Unsure
8HN6HXCT,Unsure
7HIRSJ4Y,Unsure
RRSJ7SJI,Unsure
5CGX9DNY,Unsure
49AECVJT,Unsure
CK4VI96L,Unsure
NGF4QSMW,Case report/series
S2QJWV25,Case report/series
7LVDF27I,Unsure
33KQXU8X,Unsure
KAS6W88U,Unsure
EW9MCKBX,Unsure
HHVQRPAC,Unsure
GZGS22LK,Non-human study
JGRF9DX4,Unsure
BX88ILJS,Unsure
23IH2SZJ,Unsure
EF9Z6FVL,Unsure
VXMYFE6L,Unsure
5ZPQEQP5,Unsure
6G4AL9CF,Unsure
K8ZAUXAW,Unsure
WTF5JU2L,Unsure
GLKQC2MA,Unsure
FU8MGB4G,Unsure
QTHQQTLL,Unsure
F7MQRTVT,Unsure
AIUZCIAG,Unsure
QKW7VNA3,Unsure
I7EK5L44,Unsure
QM2WEQ7F,Unsure
7ISQXSA6,Unsure
MVRUKACW,Unsure
DDU76WI7,Unsure
2WWYKHCP,Unsure
N2LBILC4,Unsure
II2JG78W,Unsure
8SITPAZL,Unsure
E47LWZAB,Unsure
INVRKJ9K,Unsure
KQDRA62P,Case report/series
9H3NNLJX,Non-human study
MRS8BRF4,Unsure
ITB9ELZK,Unsure
MN4HQZUR,Unsure
MU7B276H,Unsure
2XJUP89K,Unsure
METPUXNM,Unsure
CPBVP8B4,Unsure
BMXA6VF3,Unsure
WVC3K5QD,Unsure
F764B8BZ,Unsure
4T44QKDR,Unsure
JBDV6LBG,Unsure
GP2K6S9E,Unsure
3HNLM7SK,Unsure
KX85QYN5,Unsure
NJIAL7MB,Unsure
ZEPJSF8D,Unsure
6GUDDLM9,Review/Systematic review/Meta-analysis
UX5X37JU,Unsure
SD6HQIKZ,Unsure
6P8WJFEL,Unsure
DACIID38,Unsure
9TZFW2EA,Unsure
K94HHBUV,Unsure
HTCLP8U7,Unsure
HJXJIK7L,Unsure
H2E7UU46,Unsure
W7IU6S3K,Unsure
GTNHMYW7,Unsure
UNVXRYGA,Unsure
CCXJQKKU,Unsure
IMPX9PBJ,Unsure
2HAPZRMS,Unsure
8YE34EHE,Unsure
9YEQ5BX3,Unsure
NQ9KU88G,Unsure
YT4YB8JV,Unsure
7TYS8RT8,Case report/series
FYGLX4ML,Unsure
FGFWYET7,Unsure
6QRQV5IA,Unsure
A9U4JAFQ,Unsure
UYXWXVNZ,Unsure
KLW87SMC,Non-human study
BWS3DCPE,Unsure
MFM6QI6H,Unsure
3A37NN6Q,Unsure
Y6Y7AYLQ,Unsure
QEVJGICQ,Unsure
26M3ABGH,Unsure
ZD3XB64W,Unsure
DN2UYVRR,Unsure
HLRNZ958,Unsure
38WCBZYG,Unsure
KQN6RQAL,Unsure
RDXKCHLT,Unsure
P9E6NIK4,Unsure
3KBZH6K5,Unsure
M6LGNTS4,Unsure
MMYDIVXM,Unsure
NGKQVMKF,Unsure
ZS2AV2XY,Non-human study
E9I8485N,Unsure
Y34Q9F3Q,Non-human study
A5W73FET,Unsure
695G9YTJ,Non-human study
CVW7NYYR,Unsure
J7X33EIJ,Non-human study
TG5SA5ZW,Unsure
E76V48PB,Non-human study
PR2CHGXT,Unsure
RCVLG9PB,Unsure
P3WLBHSG,Unsure
FXUPFZ54,Unsure
G5CK92NV,Unsure
45JRTWH2,Non-human study
9SXDJGZM,Unsure
CPSPKZBF,Unsure
THVK2BTD,Unsure
NN26SYC4,Unsure
EUFWGNDG,Unsure
PPQINK6U,Unsure
U5342DNG,Unsure
3XNGD45F,Non-human study
TK3QMVBA,Unsure
KFM7PMGJ,Unsure
AT5GERPT,Non-human study
Z37NDENB,Unsure
JRTN8MC8,Unsure
CCE4TULI,Unsure
VIH3ANV8,Non-human study
UY93C4DL,Unsure
BAIHLI9K,Unsure
QKPGFP2Y,Unsure
RVM997JQ,Unsure
P4FSM6K2,Non-human study
FM6WPTHP,Unsure
2V8X942L,Unsure
SCS3TUYA,Unsure
HHBZB2VZ,Unsure
YJFMP3ST,Unsure
H2GLYVSV,Non-human study
4TIPMVUV,Unsure
QA85GIB7,Unsure
6MK49WJT,Unsure
SVKIIXCM,Unsure
3ZYJMNMD,Unsure
SN2PIFLY,Non-human study
VSVYT8GG,Non-human study
CEF5K3E2,Unsure
SMTPCX85,Unsure
QPRI7YMA,Unsure
WT9ES8XQ,Unsure
KMR38AGI,Unsure
SE2YYZMY,Unsure
YSRU4BAY,Unsure
DRF5BQ3D,Unsure
QMXH8SWD,Unsure
97XCKPSF,Unsure
XQL2XRSE,Unsure
MIN4XRHP,Unsure
NFGIEGW3,Unsure
DCV2KUDR,Unsure
5J3XBKBE,Unsure
GFKH73TL,Unsure
BRC456KR,Unsure
8T9B4PV2,Unsure
C4RZFZEL,Unsure
2DBTHMT8,Unsure
JRK82RMS,Unsure
I5R77TXP,Unsure
J3TERQDA,Unsure
IFGUNKCZ,Unsure
SABQKJ9Z,Unsure
I4U7CEVE,Unsure
RNYPNPIN,Unsure
P84NL8RP,Unsure
EVUIBSZI,Unsure
BSTS64LQ,Unsure
CYA4YU2K,Unsure
NF3XFZ9G,Unsure
CZSDBPPP,Unsure
Q9NYWIRA,Unsure
BJPIHRA4,Unsure
QFDFF3WI,Unsure
Y6P8YTP6,Unsure
H5GSFIIU,Unsure
7LCKLXRQ,Unsure
M2H3FEHE,Unsure
DLHM5DGH,Unsure
YXUGIKFG,Unsure
NLF2U9TN,Unsure
AVH6R9N5,Unsure
PGGI54FG,Unsure
K32K9WBQ,Unsure
XG2JQ686,Unsure
H4JVQQZD,Unsure
3LEIU8FI,Case report/series
TRVUSCPM,Unsure
K3WC6K6R,Unsure
A9GRHCKB,Unsure
RHJXE6FE,Unsure
CYDJ4W5P,Unsure
T6MRYM3W,Unsure
LR2922PZ,Unsure
PK3IMCY7,Non-human study
9KE9CFUI,Unsure
3GJZWSLP,Unsure
ZFXSMKLZ,Unsure
4YNB96NZ,Non-human study
JUCDNF23,Unsure
X9LBMKKU,Unsure
KSX2GJSV,Unsure
I32DQ6PL,Non-human study
YQNQ3TPV,Unsure
6CUEHIJM,Unsure
TACV469F,Unsure
CK8U7L5Z,Non-human study
534TWBCJ,Non-human study
C29U2Y3V,Unsure
BEPLDDFV,Non-human study
BEXPH2S7,Unsure
AXJCS6BP,Unsure
5ZCUV4J2,Unsure
6V6TWXAH,Unsure
KS7WCU34,Non-human study
H5QLAII4,Unsure
H59YV85W,Non-human study
2Q2HWXK6,Non-human study
2SS364AS,Unsure
WTX95YXN,Case report/series
I3HXAG5V,Unsure
65M4BPLV,Unsure
8Y35WZCL,Unsure
AZNW6MET,Unsure
7LFR6CMQ,Unsure
CUZ5VZF8,Unsure
A66GWJ4R,Unsure
D9UXQ2S7,Unsure
RAI2U27G,Unsure
RZ9IHVKV,Unsure
WBEM99SE,Unsure
WSZLLXQR,Unsure
MEIIA6EB,Unsure
4EMM8JEZ,Unsure
F5QUI37N,Unsure
HQ4KG8QJ,Unsure
IB7I3XPP,Case report/series
AQCNAERH,Unsure
HGVKVIZ3,Unsure
8GYGMD5L,Non-human study
G5GZGTBP,Unsure
FK6JAR9Y,Unsure
53T4F8EV,Non-human study
PNCP3UTB,Non-human study
QC8RFZQ5,Unsure
4GKRTIYS,Unsure
4HH5K3FD,Unsure
Q42ABXR6,Unsure
LZ63GTRD,Non-human study
JKY6GIVR,Unsure
M3ZUCZIH,Unsure
CRKWHJEI,Unsure
CXDXNLZF,Unsure
TUZHF2SZ,Non-human study
QZ2L94XT,Case report/series
URE7EK4W,Review/Systematic review/Meta-analysis
7GVEDKQ3,Unsure
RBBL53KM,Unsure
REKTVKF4,Unsure
96WQ4U3A,Unsure
D4UMF5PC,Case report/series
24YHXNW9,Unsure
XC8V4W4V,Unsure
URBR6X8K,Unsure
8KDIAIEH,Non-human study
25R3NFP3,Non-human study
BJVPGCRZ,Non-human study
N8R7YR2Q,Unsure
WHZP7MKT,Unsure
XCWF49XT,Unsure
DPAX6XX5,Unsure
VWU4Q2M4,Unsure
JEMK5ST3,Unsure
ADATYF9Y,Unsure
AECJVIYD,Unsure
RED5FNL2,Unsure
963T77MX,Unsure
DNPEBRME,Unsure
92EEXMGM,Unsure
VMH2QJ82,Unsure
GPZJMQUA,Unsure
N7CF7HEB,Non-human study
7BZI6TUH,Unsure
JMC7KX9P,Non-human study
YW2LIUBL,Unsure
FNIUG2RY,Non-human study
2IHJ99SC,Unsure
ZP9MS676,Non-human study
C6KR2TMM,Non-human study
J25XCAL3,Non-human study
SLKYL2M5,Unsure
FSCISRUX,Non-human study
PBHJZVEB,Unsure
7YR77DNR,Unsure
EM2C9XFU,Unsure
Z6VUHFCC,Unsure
5S74X4Q7,Unsure
K6YGQS3B,Non-human study
CR2MJRUU,Non-human study
522KEUF4,Unsure
BCNLF3FF,Unsure
VJ8T4HJH,Unsure
WET4Q3Z9,Non-human study
ACTYHXBT,Unsure
H5D7TLRK,Non-human study
F2A25PRU,Unsure
P9AVNTBJ,Unsure
5VLSGACA,Non-human study
C3L2MLSK,Unsure
NF7MBJXH,Unsure
PGMPSXZN,Unsure
A5TNBXLK,Non-human study
2I6CY4EN,Non-human study
746XIG9Y,Unsure
ZGIW2DRE,Unsure
5FL4KTN3,Non-human study
JUFEEVJL,Unsure
DRTBAB28,Non-human study
ILMH23PN,Unsure
6XI77HX2,Unsure
X4HB79QP,Unsure
YWMM8GIH,Unsure
SNQH6CKM,Review/Systematic review/Meta-analysis
JKGIHI2Q,Non-human study
VGB9ATLX,Unsure
JZEGTX8Z,Unsure
JGIYIUUA,Non-human study
XP7VBV4S,Unsure
5VFZQRY2,Unsure
3BRFZYGT,Unsure
DEC8YWWW,Non-human study
UH7BDB62,Unsure
4Q6P3EK7,Non-human study
39RZ3RJE,Non-human study
Q9UDZ7FV,Non-human study
DP7STRX6,Unsure
9YCHE3IQ,Unsure
SJDHB2GH,Non-human study
YVNZXP9M,Non-human study
MSK32QLS,Unsure
9T8L9QVS,Non-human study
GPH39VXE,Unsure
66X7AT89,Unsure
TTRM5L7X,Unsure
TUBS4SHP,Non-human study
ZUKGRVHH,Unsure
6K92HGDA,Unsure
3TBNXC73,Non-human study
WY3HBJB5,Unsure
GH95A737,Unsure
EP9AFJ6H,Unsure
32FJ9JYL,Unsure
DVJNDAAM,Non-human study
U79W3FKD,Non-human study
45U6NTBE,Unsure
N9WURVBR,Unsure
FE2XILUP,Unsure
4D3XJR9V,Unsure
8MWRDE5E,Unsure
CS9WFVS4,Case report/series
3QUR3FT2,Unsure
5NYNQFGN,Non-human study
9KBCVZRQ,Unsure
9BR2KNLM,Non-human study
TMRH2CC4,Unsure
F7D629RV,Unsure
3A7WTTA3,Non-human study
QWYKB3TN,Unsure
LEWPK9Y3,Unsure
FA4HMMXM,Non-human study
34CHMETZ,Unsure
KTFDYXU9,Unsure
R8ER5BXB,Non-human study
K4PW5LLJ,Unsure
2IXAL9E9,Unsure
GVC6J8IP,Unsure
BL6TLDXI,Unsure
MGBRU3NU,Non-human study
YGAPSE3E,Non-human study
GHCHI7T6,Unsure
6SYAZK83,Unsure
46TEFGMH,Unsure
VQH2SAAN,Unsure
G2DK3XTY,Non-human study
3FBXVW7D,Unsure
S7SWNGBG,Unsure
FHBHDYXR,Unsure
TLNL3CNW,Unsure
RDN6KKGR,Non-human study
L6VPMZYY,Unsure
EG7PBC9L,Non-human study
RSJWJIBH,Unsure
QZ7B3G34,Unsure
98B5QFUB,Unsure
3L3527IN,Non-human study
CF9HYEAD,Unsure
85J9B2N9,Unsure
ZUI2D65Q,Unsure
RWCDHPSL,Unsure
4SB39IYU,Unsure
75LQSY79,Unsure
B4NGQZAN,Case report/series
AZ7B5TDC,Unsure
TNI69BXU,Unsure
J38QD43T,Unsure
IDW9TU5V,Unsure
CW8RY4ZP,Unsure
HUQX6LAU,Unsure
HD3WCKQZ,Unsure
I6G2FWFA,Unsure
6JKGJAFC,Unsure
U3PNF9HR,Unsure
PYKUBP86,Unsure
44CU7KBZ,Unsure
FPPPPIWA,Non-human study
PEZTZG88,Unsure
3E2QZ8FJ,Unsure
SSL58HY7,Unsure
4UXYJKX4,Unsure
U55GT92R,Non-human study
R5LKBXM2,Unsure
5L7HUHJS,Unsure
NS9MVWYB,Unsure
5YPMP5SR,Unsure
FZF6EXX9,Unsure
QGIX46GD,Unsure
Q6IEN22V,Unsure
JWDIRFYU,Unsure
M7FWWJN6,Unsure
LITX828R,Unsure
DRYC9XZU,Non-human study
SVYH6TX3,Unsure
VBJJIB9U,Unsure
J5WFMW6F,Unsure
JCFVK8E7,Non-human study
67DDYJZC,Unsure
6JUEF8FY,Unsure
P2ACXPBX,Non-human study
5CRUGZBX,Unsure
3U24RDYN,Unsure
L8C9XZY3,Non-human study
K2CC87L5,Non-human study
KD3M5RGH,Unsure
LGUM93D4,Non-human study
N6WFZYWQ,Unsure
H3RW2FN5,Unsure
929HG3HU,Unsure
KKI5IM2J,Unsure
GJ3BHXLQ,Unsure
KEHIJDN5,Unsure
C3YNKGFE,Non-human study
B86ENG4V,Non-human study
G2HXD585,Unsure
56ZJK3LC,Unsure
WJCNV27H,Unsure
9X2N92XF,Unsure
CJHPPM8Y,Non-human study
SJX7URX4,Unsure
SH9PE2QE,Unsure
8QKKRR69,Unsure
HTQISX4T,Unsure
WW9XD5DW,Non-human study
WYVGERU2,Non-human study
JEBJDMJA,Unsure
QYJZF8J9,Unsure
ENNE4KYW,Unsure
CN595AXE,Unsure
4W8MCQ6G,Non-human study
9R425GSS,Unsure
HEZTDESE,Unsure
5UZCJPKB,Unsure
9GBDSJYV,Non-human study
I54X5LJ9,Non-human study
LQDJNDF2,Unsure
RQJPG4K5,Unsure
P9HVACAL,Unsure
HJHJVN8X,Non-human study
4LTETUDM,Unsure
MZ6MSL85,Unsure
NV7RU8UL,Unsure
UVRHID49,Non-human study
S8LVALV2,Unsure
ZUEC44IZ,Unsure
54YWBBF3,Unsure
QHABLUY6,Non-human study
P36YRV2X,Unsure
VGTZRUTC,Unsure
KB2KIXF8,Non-human study
JABTUSKN,Non-human study
QS2IJP2W,Non-human study
CZHVRYVP,Unsure
HQNW68IT,Unsure
BL9UM9GV,Unsure
6TGRP48L,Unsure
TX3NYQHN,Non-human study
B26IT9XI,Unsure
5XJLJMB6,Non-human study
U3PJB95X,Unsure
GBIGDLBD,Unsure
P3VIM8WV,Unsure
ASK3ILL4,Unsure
2RF99G8U,Unsure
ZRH5VJHB,Unsure
J5VPPY3H,Unsure
XT88ZBQM,Unsure
2HZL2FMG,Review/Systematic review/Meta-analysis
AVI3V5C3,Unsure
8D6P7WWL,Unsure
6DKTXQ7W,Non-human study
VASMN3BE,Unsure
NW7RCZSS,Non-human study
R7MDTI8T,Non-human study
H4RWTXP3,Unsure
GW8AXRRL,Unsure
S5ADAZBQ,Unsure
AR42LLGN,Unsure
Z9I75QML,Unsure
AVRFTVIW,Unsure
44ASBTQZ,Unsure
YX7FGTYB,Unsure
9K5FNB52,Unsure
WJYSLRWC,Unsure
WJ3ZEISB,Unsure
ZQA8QM5D,Non-human study
IVXV728Q,Unsure
5LADE8KM,Unsure
W95VPJ95,Unsure
TTU4U4M8,Unsure
S277NCMJ,Unsure
3CII8BQP,Non-human study
NCBYMIYC,Unsure
ZYLA3FIM,Unsure
78PGHD7Z,Unsure
WNLYMZDR,Non-human study
WYBEWS3P,Non-human study
FM9NS79D,Unsure
EGKU24J3,Unsure
J9F5X8BH,Unsure
REXXJNHI,Unsure
FJAIWXKG,Unsure
DGWY3VEN,Non-human study
QQ4GJP6E,Unsure
LZKQL8P2,Unsure
DNJSN4UK,Non-human study
5ZNMPRA2,Non-human study
5U4UWY36,Unsure
9TCSIGMQ,Unsure
CBQNMN9H,Unsure
NBWP8BZ2,Unsure
VI2T4SVS,Unsure
NX9ED64F,Non-human study
QMAVVU6S,Non-human study
74MBZ9JD,Non-human study
2MRPPCIW,Unsure
73PJPS3P,Unsure
L9MP9AUE,Case report/series
4A8GEBNH,Unsure
I8CQPQJB,Non-human study
U9ZSY84V,Non-human study
75H8THT7,Unsure
Z2GLVLLY,Non-human study
EX5YM8BX,Non-human study
KR8URJT7,Unsure
VCRQEJ3Y,Unsure
FFRTCQHN,Unsure
HU8Z3GP5,Unsure
4RJATVUY,Unsure
Y585QAKQ,Unsure
ARJXMSVM,Unsure
AVXDMJYX,Unsure
IKV73NJH,Non-human study
L9FSEZH8,Non-human study
ET5TNS9F,Unsure
D3V3XYFB,Unsure
9WDVSWTE,Non-human study
JNYCE5CA,Unsure
LQMSNDNA,Unsure
6H866AUW,Unsure
MFTAQVJ5,Unsure
N82LMKB6,Non-human study
BJT2BGA6,Unsure
TB3Z77HG,Unsure
CZHWRU7R,Unsure
FP7M6LIB,Unsure
V23LB4IH,Non-human study
IHKUDWI3,Unsure
SGRLV8YT,Unsure
9YWZM4FA,Unsure
8YAVIKEB,Unsure
GA25MCDB,Unsure
BM5DEG2Z,Unsure
Z6FWLW2Y,Unsure
GS9K2EFS,Unsure
FHJ2RI65,Unsure
9DM9F9MP,Unsure
J75TGB7B,Unsure
IHIPV63H,Unsure
H5KY3GUC,Unsure
ZATTVEXL,Unsure
VBJBHPJD,Unsure
4KC2RQK5,Unsure
PXTQDEUX,Unsure
YZA4RRYI,Non-human study
QAVX3UTN,Unsure
X8EPR6JV,Unsure
25B52U8N,Unsure
N2HBFPG4,Unsure
R4637ZNS,Unsure
AKCMZN3D,Unsure
QBCUPLMQ,Unsure
IEHXNSY4,Unsure
UWMEIVQE,Unsure
6NEI9VTA,Unsure
9FED96XE,Unsure
AG5YWPYA,Unsure
I29W4LA4,Non-human study
XTRBV2BV,Unsure
HXYP2WLZ,Unsure
C3SV9SAP,Unsure
NT8FHTWW,Unsure
8KX6UWND,Unsure
7FQ5BUEG,Unsure
MXD2QB5E,Unsure
IC4BEFP7,Unsure
CRI3SKCV,Unsure
L22P8VBB,Non-human study
ZTKYH36I,Unsure
E3YWNTXW,Unsure
UH7LBEVI,Unsure
VHA2CDTG,Unsure
D6ZGKHGW,Unsure
B2D9WG7H,Unsure
V62C9JC2,Unsure
CP3WSNVC,Non-human study
JXTWCIAK,Unsure
MR96M5WI,Unsure
EJENJ9SM,Unsure
Q8MVP6XK,Unsure
YM54TN2M,Unsure
LDKNPENJ,Unsure
UI82LT56,Unsure
GC8CC85J,Unsure
ZARVVLES,Non-human study
L8BU5UHW,Case report/series
BPL8N35T,Unsure
6BWUHGK8,Unsure
6HGSCUVM,Unsure
JJQIJ6FW,Unsure
VPRF6P3Z,Case report/series
AC989JQP,Unsure
QA3VQ4CF,Unsure
NIFNUMNL,Unsure
RAK6F6E2,Unsure
FE6P3MZK,Non-human study
T7VJ34SE,Case report/series
7IBX4BU8,Unsure
VFXNTVKM,Unsure
R22XQR8R,Unsure
KDG6IVUA,Non-human study
IBLFGGDE,Unsure
GCJCAVHQ,Non-human study
DH7HEZ2E,Unsure
ZSMZXWXG,Non-human study
J9F6EY7T,Unsure
PKTYU7SH,Unsure
CPQG6PII,Review/Systematic review/Meta-analysis
QFZU958X,Unsure
GPRR6VFM,Unsure
FAEEW9P9,Non-human study
5ZV2I8EQ,Unsure
DYJJW6SG,Unsure
FJB6IB9R,Unsure
T2CT9TLV,Non-human study
MFL7C5LT,Unsure
DIHM88HI,Non-human study
GB2M23PP,Unsure
TFTASANN,Unsure
D9DB2MTX,Unsure
79T7L6H5,Unsure
ZS35P2GJ,Unsure
J7MKVYG4,Unsure
FUKXREQN,Unsure
YUW42VSA,Non-human study
XN9SDTSX,Unsure
DZKE2G3B,Unsure
V69DZ2I9,Case report/series
DGVPHDIK,Review/Systematic review/Meta-analysis
F87VWV9K,Unsure
IA9ATVSU,Unsure
JPTU9G2Y,Unsure
7JZTWHKT,Unsure
6BLWBE6C,Non-human study
FLKS7JUC,Unsure
IDBC9Y92,Unsure
KDE2FMAQ,Unsure
EBQI8WBB,Unsure
CVTIYY7W,Unsure
93ZSPEBU,Unsure
V7EFWQIQ,Non-human study
FRBZE4DW,Unsure
6L9H6SEQ,Non-human study
6MJQ9UNR,Review/Systematic review/Meta-analysis
VE6UB946,Non-human study
TNMLPP9Q,Unsure
XZY3U7UL,Unsure
KCUT2ZAU,Unsure
DACAA224,Unsure
B7D5S5KX,Unsure
SXVXLACA,Unsure
JBEK26B4,Unsure
MYB4UBG8,Unsure
9PTM3EIW,Unsure
IL5N48LI,Unsure
FDZVQDYQ,Unsure
P887WFM9,Unsure
8YEYKKEA,Unsure
2UG4E7AE,Unsure
4DBNQ69S,Unsure
6LEEUF27,Unsure
W49DKWT7,Unsure
CVW5LPGC,Unsure
N5J9J75E,Unsure
YCHCDLGF,Unsure
QLXR9EN9,Unsure
YVLFJZKY,Unsure
7X7V62TF,Unsure
XRPW6CNZ,Unsure
YFRCHF7T,Unsure
VJ63TLQA,Unsure
5EE9LL3X,Unsure
XFQHPKP6,Unsure
JNHDEFJ3,Non-human study
VQQ4FM6D,Unsure
2PFT55ZD,Unsure
8X5VHDYR,Unsure
FZNQMH6N,Unsure
MX7DUSWQ,Unsure
SYA8ABMR,Unsure
CP5FLK9Z,Unsure
M69YW8RX,Unsure
3BPNQDP6,Unsure
Z6DR4YFS,Unsure
RTBG6DMJ,Non-human study
AWVPYQA4,Non-human study
E87HGJDQ,Unsure
W8MY2DTJ,Unsure
5NH57SIX,Non-human study
WH56RMZ3,Unsure
8WRPFQ7D,Unsure
LMJUE763,Non-human study
AHGBBFX2,Unsure
JSLCH8U2,Non-human study
EBNBAIPH,Unsure
FQFUCBSN,Unsure
YSCE24U2,Non-human study
4XENEW9Q,Unsure
E54N7324,Unsure
RRLGULCR,Unsure
VMUXFKY3,Unsure
KG2HEN9J,Unsure
NC2DNZBU,Unsure
LI9NDBDB,Unsure
PQQUA2H3,Unsure
HK6KI6JR,Unsure
SMQIN4ZY,Unsure
3YY5WEBN,Unsure
CJH24DUR,Unsure
SY7NAQRX,Unsure
CHN34KK9,Unsure
HETP33WS,Non-human study
LNZBNUQ2,Unsure
JRRIYKBD,Unsure
YSB6C3FP,Unsure
4EA3EH96,Unsure
TYYCZFR8,Unsure
PMENWX6I,Unsure
YCB5BZBT,Unsure
FEHI8M8H,Unsure
7SBK3NUH,Unsure
E89EL3SV,Unsure
SHBC3Q2G,Unsure
HPJ9NAJK,Unsure
HGW4788G,Unsure
5Y452KD2,Unsure
ZBZ4RISZ,Unsure
NSFBLIQG,Non-human study
LDU3ZH9T,Unsure
K2R7LAZC,Unsure
ANQRJ2NJ,Unsure
YNZKBDCT,Unsure
ZIADZQCF,Unsure
VM94AQWF,Unsure
PH8HLDI4,Unsure
AIRM8HVU,Unsure
HYE3XYWW,Unsure
XSNBSRLT,Unsure
2RT8NHE5,Unsure
46N6PRUC,Unsure
4VBDPZCW,Non-human study
2XVP2VHJ,Unsure
95CGRGHI,Unsure
4PLL69CG,Unsure
ESPPYDYI,Unsure
WXKJARVZ,Unsure
UQ926PGE,Unsure
TSQHN2UH,Non-human study
7RVTL65N,Unsure
G4LSQDEE,Non-human study
2EAPZALZ,Unsure
XHDTTUVV,Case report/series
PJDUHIC2,Case report/series
8FZPPNTE,Unsure
QM4R2ZWC,Case report/series
KDR6FKB4,Case report/series
4L5Y7XFR,Non-human study
5CBJGQ5T,Unsure
JKK9DBRG,Unsure
S5LZB3Q8,Case report/series
KI88MJPT,Unsure
8NDZN8JG,Unsure
92WLBD7L,Unsure
3QRANKE7,Review/Systematic review/Meta-analysis
SYA6TEPH,Unsure
XY453C6M,Case report/series
R3TEU5NS,Unsure
KM8Z7ILY,Case report/series
5PZZWRV6,Unsure
XQK4LWAK,Unsure
9UJJYLZB,Unsure
N9B9YGL6,Unsure
RUNPU4P2,Unsure
NV42DLCF,Unsure
FUXR5CER,Case report/series
S3RBCFEG,Review/Systematic review/Meta-analysis
P6XVDU2E,Unsure
MIVF75WL,Unsure
NDSYC3YC,Unsure
IXACYGXV,Unsure
3ZYYUIMH,Unsure
SD732EB7,Unsure
2U9E6K79,Unsure
F4DCD6HB,Unsure
YFBLXNHG,Unsure
YXR3C7GR,Unsure
WTAQI8J5,Review/Systematic review/Meta-analysis
TSL2N23D,Unsure
CYQZQQ8W,Unsure
BXVX5Y2G,Unsure
KWYF38PS,Unsure
XWS4X932,Unsure
PXQI7CQY,Unsure
TRWVZWFF,Non-human study
GJUX3DMK,Unsure
CDA4FU3I,Unsure
GHFR8S7F,Unsure
DYB54CYB,Unsure
PGMD77WE,Unsure
VK8BGIC8,Unsure
9NUHUSTK,Non-human study
EIYKVQZU,Unsure
X3V7C7YF,Unsure
K86VTL2B,Unsure
F797JRVQ,Unsure
883IUW6T,Unsure
I6TPXSWZ,Unsure
5U9NU4Z5,Unsure
6Y5SI2AT,Unsure
7XBFZXVC,Review/Systematic review/Meta-analysis
8CXIXABR,Unsure
SQ95TMFN,Unsure
AUUR5855,Non-human study
RXIKU4XU,Unsure
F6E7ULPJ,Review/Systematic review/Meta-analysis
6ZLIBU8X,Unsure
C7VV77N7,Unsure
UHJVRC3F,Unsure
3BWCZN75,Unsure
YWNL4CGC,Non-human study
43JUM3DU,Unsure
IYSXK6LL,Non-human study
JANGJLJK,Non-human study
GUJDVA9K,Unsure
PI9F8S6D,Unsure
VQWFMTVU,Unsure
BUIQPMTC,Unsure
SN267RMR,Unsure
EYPLW4U8,Unsure
MXL9EQAF,Unsure
WCR74R8K,Unsure
S3A2NLBZ,Unsure
C45WMD27,Unsure
WG4AJYJQ,Unsure
R5TLWQ22,Unsure
X2Y8EZKQ,Review/Systematic review/Meta-analysis
RREE67SR,Unsure
ZSW3ABLK,Unsure
G3TX4HKU,Unsure
Z4X9GZ8T,Non-human study
IRPGNKDL,Unsure
KAWDF2VP,Unsure
I7IQ5NSR,Unsure
CFCAD9QJ,Unsure
NJYWHGXV,Unsure
H8DYILRQ,Unsure
QGF83J6Z,Unsure
RZVQJ88T,Unsure
D95LUPAI,Unsure
BGRGI4TZ,Unsure
Y7ZC274F,Non-human study
SBH4SNNU,Unsure
98AZUTT5,Unsure
LVDP3NH4,Unsure
ZQKQ33V6,Unsure
RRL4PK6S,Unsure
DNPKX485,Unsure
TLXQMXXT,Unsure
YZFHL92B,Unsure
VELYHRVA,Unsure
CPRCNDJP,Unsure
B5Z6HBPJ,Unsure
TBRFRG4V,Unsure
J9X7IC55,Unsure
JPXT695J,Unsure
DDVGE599,Unsure
AZQUSQQK,Unsure
3243HQ8M,Unsure
WQPHALMQ,Non-human study
JYQMCGZF,Unsure
Z8WHKBJE,Unsure
7WB37WYP,Non-human study
JQ83BRRU,Unsure
E8SZEQG2,Non-human study
IMLF8LYR,Unsure
ITPITIA5,Unsure
FTYBDINS,Unsure
XRDF2BNZ,Unsure
475HR42P,Unsure
EY2LR3AX,Unsure
2QM2HI2C,Unsure
Z3M3WK6E,Non-human study
BXEKZ75W,Non-human study
7QKW57GV,Unsure
45TBQZ3D,Unsure
XPAMAYN5,Non-human study
J8BJQAN4,Non-human study
7ZZ3C852,Unsure
WDZC759Y,Non-human study
RKKCYLJ2,Non-human study
D293ZGR9,Unsure
BHTJ3SQH,Unsure
YILQFDDP,Unsure
PPAR9TGL,Unsure
DJXWMNDS,Unsure
HF6ZSMEG,Unsure
PK9IRYC8,Unsure
SF34N6Q3,Unsure
JHEUY8ZQ,Unsure
K3UQZRCW,Unsure
U9MFKNNX,Unsure
L5TUU2TT,Non-human study
SZC2R5XD,Non-human study
4P34SR36,Unsure
LKQM8KKM,Unsure
H3J8B6D5,Unsure
VJLMJJB5,Unsure
JCZX4H8I,Non-human study
GDK5X5EC,Unsure
7VZKHVI9,Unsure
83EYVDNE,Unsure
TPTV6EU8,Non-human study
PNPTE9SH,Unsure
HTCWELUA,Unsure
LTVV3GDT,Unsure
TFM2ESUA,Unsure
FMM4YCE5,Unsure
2V6EW6RQ,Unsure
CGRKQ3TZ,Unsure
PQYYALC6,Unsure
6NBL8SSA,Non-human study
4S3S7RS4,Unsure
AA349EI2,Unsure
7HWWR95A,Unsure
LJSFD2NJ,Unsure
2TY7X4N7,Unsure
4VC874QC,Unsure
GFZWKJU8,Unsure
6YH4SBD5,Unsure
PVNSN8W3,Unsure
TY44G6RP,Unsure
FS92TLNT,Unsure
782EZL3D,Unsure
5UTRX23Z,Unsure
T7CJ9WHD,Unsure
BKGBHYPP,Unsure
EWCXU4X7,Unsure
IQT35UER,Unsure
ZTXHRS5V,Unsure
U92AFNI9,Unsure
898CLIXH,Unsure
VVUFNBPE,Unsure
JGM9JKUI,Unsure
45RN399X,Unsure
9XSWFTTU,Unsure
NB6X93RW,Unsure
GTZXKRK3,Unsure
B6UDECH5,Unsure
EUZCJK5E,Unsure
LTINMSLU,Unsure
AY4BII4N,Unsure
CGPD9FQ3,Unsure
WXQHUWPU,Unsure
6HCCMGLL,Unsure
IGA2VK83,Unsure
7HZIM8XX,Unsure
FZ4DMLUZ,Unsure
KPI2RCMM,Unsure
7DA57VWE,Unsure
VFTCVLA9,Unsure
97TNRK4G,Unsure
IK8YA4N7,Unsure
49IQHIJW,Unsure
RCNPV4P4,Unsure
PALUGWET,Unsure
X5KYHMM5,Unsure
BNW5KLN9,Unsure
7ITWPDZP,Unsure
YTIDJ27V,Unsure
HEQINT6N,Unsure
FH9A466M,Unsure
3RDUY29S,Unsure
4ENNBPWB,Unsure
D3C94JZ3,Unsure
34PCRB5V,Unsure
B3MR4YES,Non-human study
VEZZWY72,Non-human study
2HAZ48B3,Unsure
7W7RW95G,Unsure
QEQEJP8I,Unsure
MID89AZZ,Unsure
T3IVU9V2,Unsure
FN4Y8NRR,Unsure
IJAG2KMQ,Unsure
9YUUFX4K,Unsure
WB7JSKN4,Unsure
PZBULDST,Unsure
XPBCTCPX,Unsure
KMHRU7GU,Unsure
G23JZ63N,Unsure
NMB7I57M,Non-human study
WGSXSXQI,Case report/series
KNQFYZ7S,Unsure
WHWSCMMG,Unsure
EJCB37D9,Unsure
78QLFXL4,Unsure
AY5VFHEG,Unsure
SHTSTWZL,Unsure
AK6YMMJW,Unsure
9QIH847A,Unsure
UJRQRWQ3,Unsure
9YRALR5W,Non-human study
HNZTST5T,Unsure
64MQTK48,Unsure
3NS4P9WU,Unsure
EXT6TSWZ,Unsure
VJ9MKYBM,Unsure
SX9S84BE,Unsure
T5ZUEVDK,Unsure
MYTCUPWR,Non-human study
Y4UPM3KT,Unsure
L7GE8AX5,Unsure
WPKP84Z9,Unsure
CTEPX57T,Unsure
YPSV77ML,Non-human study
S4BB7YRB,Unsure
5NU9IA65,Unsure
ZHBLFL37,Unsure
CNBJ8GTQ,Unsure
NLUYIBFM,Unsure
UDCQJZ3B,Unsure
EITTL3RY,Unsure
28RYH736,Unsure
4Q4ME4M3,Unsure
KYKCF4B3,Unsure
U24N27LW,Unsure
IZUZH8ZU,Unsure
PN6NCFF3,Unsure
BR7L4CXL,Unsure
BWLWIP3N,Unsure
TN682FCW,Review/Systematic review/Meta-analysis
JBCU3V8T,Unsure
7CZ5ZN9T,Unsure
HHPVSNMA,Unsure
FW8L6EFE,Unsure
9Y4FL3NH,Unsure
PPGFRH3S,Non-human study
U8GJG5JP,Non-human study
6Z67JV8P,Unsure
7PP89UX7,Unsure
MCKBWJ3N,Unsure
UCUFWZTG,Unsure
AGQLSENI,Unsure
52C9GLKE,Unsure
C6M8GDJI,Unsure
P4U5ZQLF,Unsure
9JRQTPHN,Unsure
W6DVIBTU,Unsure
S4XE2QNW,Unsure
ZT78M594,Unsure
QYKNHZZ5,Unsure
J5572M6Z,Unsure
GUPY6AGH,Unsure
2EQTDW5N,Unsure
GQJBW9B2,Unsure
6LWILXBL,Unsure
QSI2TWYD,Unsure
DX2K5JMH,Unsure
U2CLEMAY,Unsure
LKTDLC62,Unsure
9S64WHU4,Unsure
XUI35PMC,Unsure
Z93RHDJK,Unsure
JU2XV9H8,Unsure
BF8G8AM9,Unsure
KNELUP2A,Unsure
5YKJUJ7L,Unsure
82T7UMHZ,Unsure
4CKSMB7V,Unsure
DVGDRXQC,Unsure
5HI8PQ8F,Unsure
GYERYJVZ,Non-human study
GYQYFHYU,Unsure
CWEMN3QZ,Unsure
K6RF3C8C,Unsure
2KPVBWLN,Unsure
IXCYHL5T,Unsure
BTSUCV65,Unsure
4JKGTVTL,Unsure
YHJYINX6,Non-human study
44R7NKZJ,Non-human study
PF2C9RDJ,Unsure
AYIJJ6XP,Unsure
D7J8CPN7,Unsure
9UH6KI3D,Unsure
W6F3KXJF,Unsure
VLV5ST99,Non-human study
PS3V5CKN,Unsure
FLTEGGLP,Unsure
SECMPJMR,Unsure
P6HNBSJ8,Unsure
GA3FUMGI,Unsure
94X54MZD,Unsure
2NPHGR7K,Unsure
5JJ87J2V,Unsure
G8WBM69I,Unsure
3ZUMWAS7,Unsure
IIKF43D3,Unsure
LK89YKW4,Unsure
N8BZ52J5,Non-human study
PNC8FDMY,Unsure
B5LNSQHN,Unsure
WDNDIWKQ,Unsure
XEME77BS,Unsure
E34MX3HZ,Unsure
XPB75YH9,Unsure
Z44ACZTD,Unsure
K5VREGMX,Unsure
U2GPLQLQ,Unsure
6TXQKUKK,Unsure
YGRFFYSH,Unsure
PDE3TMK7,Unsure
FI6EQBMY,Unsure
TEH678MH,Unsure
BN7DP2B9,Unsure
P5S5Y6HJ,Unsure
67A2EGAX,Non-human study
CBJAH6J4,Unsure
5RENRRLS,Unsure
LIP6FZ9T,Unsure
GEHPM6ZP,Unsure
89MP3UES,Unsure
LZ5VIU8I,Unsure
RBFKHIQ4,Unsure
62N5XZ2K,Unsure
Z3IIZVRV,Unsure
GGIF8V67,Non-human study
MMKHQPAT,Non-human study
UDWQUZ3E,Unsure
GBY8P3EU,Unsure
48XEQPVY,Unsure
IG8S2ZMZ,Non-human study
97IJETAS,Unsure
MF3VDH5B,Unsure
LABAX6JD,Unsure
6BDBV88Z,Unsure
MKNMUJYS,Unsure
SY8K8TSI,Unsure
LHMK2Q48,Unsure
X3TBKCLI,Unsure
U8DG7G54,Unsure
SGEUFN9H,Unsure
RIDUZ6ML,Unsure
M5QJW7J4,Unsure
5ARN4BAJ,Unsure
42BNIXP7,Unsure
RHZ9PD48,Non-human study
TLFRWLKC,Unsure
FYR6DVHA,Unsure
IRYR3WW7,Unsure
QNPN9EL5,Unsure
RLZB9RC2,Unsure
M47FVDHE,Unsure
EEJICTU6,Unsure
Z6CPBQWK,Unsure
LTI377JB,Unsure
8CEE6ACK,Unsure
8U6H6H3E,Unsure
IVNTBUMT,Unsure
7H5BNVZY,Unsure
KVR6MWMF,Unsure
7P99WGGR,Unsure
ACGTW9XD,Unsure
5H5LVZA9,Unsure
XENBGB67,Unsure
UGW6YDG3,Unsure
SAUUK8M5,Unsure
JIJ5M564,Unsure
